"rule_id","order","target_col","value","input_col","pattern","negative_pattern","scope","extra_condition","evidence_label","note"
"R1","1","class5","정비·기술지원","contract_name","정비|수리|기술지원|기술용역|창정비|외주|성능개량|개조|점검|교정|오버홀|유지보수|유지관리|시험평가|기술도입|보수","정비고|정비피복|정비대대|정비창|정비공장|정비부대|정비현황|정비용 장비|수리부속|수리함정|수리비","all","","정비·기술지원 키워드","물품 계약서로 잡힌 정비 포함. 부대명 안의 '정비'는 배제"
"R2","2","class5","일반 행정·운영","contract_name","급식|식당|취사|조리|위탁|공사|신축|관급자재|레미콘|비품|가구|책상|의자|침대|소파|옷장|냉장고|세탁기|건조기|공기청정기|텔레비전|TV|전자레인지|커피|도서|구독|사무|전산운영용품|프린터|복사기|세단기|청소|소제|폐기물|음식물|보험|임차|리스|대여|렌탈|수송|경비|교육|훈련장|홍보|기념|행사|시설|조경|관사|숙소|생활관|세척기|정수기|에어컨|냉난방|보일러|커튼|매트|선반|캐비닛|사물함|폐수|소독|방역|급수|물탱크|버스|승합|체력단련|복지|어린이집|연구|조사|배상금|소송","","all","","행정·시설·급식·복지 키워드","무기체계 키워드보다 먼저 적용"
"R3a","3","class5","방산 장비·부품 후보","contract_name","K-?[0-9]{1,3}|천무|현무|유도탄|미사일|레이더|레이다|RADAR|사통|사격통제|전차|자주포|장갑차|함정|잠수함|항공기|헬기|무인기|UAV|드론|탄약|화포|박격포|소총|기관총|총포|총기|야간투시|열상|열영상|조준경|무전기|TICN|C4I|안테나|송수신|GPS|항법|전자전|ESM|소나|음탐|엔진|변속기|궤도|포탑|피아식별|IFF|비행|추진|탐지기|화기|총열|탄창|어뢰|기뢰|함포|전투(?:기|차|장비|체계)|전술|암호장비|관측경|감시장비|시뮬레이터|MLRS|CN-235|KT-?1|T-50|F-[0-9]|CH-47|UH-|AH-|KUH|수리온|소화기\(총","","all","","무기체계·장비 명칭",""
"R3b","3","class5","방산 장비·부품 후보","contract_name","군수품|생산능력확인|PBL|지명\)","","all","","군수품 제조 표기",""
"R3c","3","class5","방산 장비·부품 후보","contract_org_name","^방위사업청$","","all","","계약기관=방위사업청","계약명 단서 없이도 후보. 검수 필수"
"R4","4","class5","방산 장비·부품 후보","contract_name","^[가-힣]+(?:  +|,\s*)[가-힣A-Za-z0-9 \-/]*(?:용|식|형|제)\b","구매|제조|납품|설치|용역|계약|구입|의뢰|^[0-9(\[]|과  |대  |처  |본부  |대대  ","all","contract_name ~ PART","표준품명 형식","검수 필수. 부대명 접두 오탐 있음 — 노트북에서 보강"
"R5","5","class5","판단 보류","contract_name","부품|부속|부분품|조립체|어셈블리|모듈|회로|기판|PCB|센서|커넥터|케이블|반도체|증폭기|프로세서|전원공급|구성품|모터|펌프|밸브|베어링|배터리|축전지|전지|개스킷|와셔|니플|호스|튜브|볼트|너트|나사|엘보|피팅|실린더|릴레이|저항기|콘덴서|커패시터|트랜지스터|다이오드","","all","","부품어만(체계 없음)","matched_keywords 기록, 검수 우선"
"R6","6","class5","일반 군수물자","contract_name","피복|식자재|식재료|고기|김치|부식|젓갈|소면|국수|튀김|조림|소스|유류|연료|경유|휘발유|윤활유|가스|의약품|의무|제세동|텐트|침낭|장구|전투화|방탄|헬멧|공구|철조망|축성|안전물자|소모품|자재|군복|장갑|모포|담요|수통|배낭|탄띠|위장|방독면|보호의|화생방|로프|파레트|화장지|세제|유연제|인쇄용지|수첩|더미|마네킨|키트","","물품","","일반 군수물자 키워드","비교 기준선 전용. 용역은 R2에서 처리됨"
"R7","7","class5","판단 보류","","","","all","","기본값",""
"E1","1","is_electronic","예","contract_name","전자|통신|레이더|레이다|RADAR|반도체|회로|센서|증폭기|프로세서|모듈|안테나|송수신|무전기|GPS|항법|전자전|ESM|소나|음탐|피아식별|IFF|열상|열영상|야간투시|암호|서버|네트워크|컴퓨터|모니터|디스플레이|전원공급|배터리|축전지|전지|릴레이|저항기|콘덴서|커패시터|트랜지스터|다이오드|광컨버터|데이터|신호|제어기|컨트롤러","전자레인지|전자정보|전자도서|전자책|전자칠판|전자저울|전자담배|전자출입","all","","전자 관련 키워드",""
"E2","2","is_electronic","아니오","","","","all","class5 in {일반 군수물자, 일반 행정·운영} and not E1","비전자 분류",""
"E3","3","is_electronic","미확인","","","","all","","기본값",""
"P1","1","is_part","아니오","biz_type_name","^용역$","","all","","용역은 부품 아님",""
"P2","2","is_part","아니오","contract_name","컴퓨터|PC|서버|모니터|프린터|복사기|TV|텔레비전|전자레인지|카메라|시뮬레이터|차량|세트","","all","","완제품·전산장비 패턴",""
"P3","3","is_part","예","contract_name","부품|부속|부분품|조립체|어셈블리|모듈|회로|기판|PCB|센서|커넥터|케이블|반도체|증폭기|프로세서|전원공급|구성품|모터|펌프|밸브|베어링|배터리|축전지|전지|개스킷|와셔|니플|호스|튜브|볼트|너트|나사|엘보|피팅|실린더|릴레이|저항기|콘덴서|커패시터|트랜지스터|다이오드","","all","","부품어",""
"P4","4","is_part","미확인","","","","all","","기본값",""
"D1","1","is_defense_related","예","contract_name","K-?[0-9]{1,3}|천무|현무|유도탄|미사일|레이더|레이다|RADAR|사통|사격통제|전차|자주포|장갑차|함정|잠수함|항공기|헬기|무인기|UAV|드론|탄약|화포|박격포|소총|기관총|총포|총기|야간투시|열상|열영상|조준경|무전기|TICN|C4I|안테나|송수신|GPS|항법|전자전|ESM|소나|음탐|엔진|변속기|궤도|포탑|피아식별|IFF|비행|추진|탐지기|화기|총열|탄창|어뢰|기뢰|함포|전투(?:기|차|장비|체계)|전술|암호장비|관측경|감시장비|시뮬레이터|MLRS|CN-235|KT-?1|T-50|F-[0-9]|CH-47|UH-|AH-|KUH|수리온|소화기\(총|군수품|생산능력확인|PBL|지명\)","","all","","무기체계·군수품 표기",""
"D2","1","is_defense_related","예","contract_org_name","^방위사업청$","","all","","계약기관=방위사업청",""
"D3","2","is_defense_related","아니오","","","","all","class5 in {일반 행정·운영, 일반 군수물자}","비방산 분류",""
"D4","3","is_defense_related","미확인","","","","all","","기본값",""
"K_W","-","matched_keywords","W:","contract_name","K-?[0-9]{1,3}|천무|현무|유도탄|미사일|레이더|레이다|RADAR|사통|사격통제|전차|자주포|장갑차|함정|잠수함|항공기|헬기|무인기|UAV|드론|탄약|화포|박격포|소총|기관총|총포|총기|야간투시|열상|열영상|조준경|무전기|TICN|C4I|안테나|송수신|GPS|항법|전자전|ESM|소나|음탐|엔진|변속기|궤도|포탑|피아식별|IFF|비행|추진|탐지기|화기|총열|탄창|어뢰|기뢰|함포|전투(?:기|차|장비|체계)|전술|암호장비|관측경|감시장비|시뮬레이터|MLRS|CN-235|KT-?1|T-50|F-[0-9]|CH-47|UH-|AH-|KUH|수리온|소화기\(총","","all","","무기체계 키워드 계열","일치 토큰을 'W:토큰' 형태로 누적"
"K_P","-","matched_keywords","P:","contract_name","부품|부속|부분품|조립체|어셈블리|모듈|회로|기판|PCB|센서|커넥터|케이블|반도체|증폭기|프로세서|전원공급|구성품|모터|펌프|밸브|베어링|배터리|축전지|전지|개스킷|와셔|니플|호스|튜브|볼트|너트|나사|엘보|피팅|실린더|릴레이|저항기|콘덴서|커패시터|트랜지스터|다이오드","","all","","부품 키워드 계열",""
"K_E","-","matched_keywords","E:","contract_name","전자|통신|레이더|레이다|RADAR|반도체|회로|센서|증폭기|프로세서|모듈|안테나|송수신|무전기|GPS|항법|전자전|ESM|소나|음탐|피아식별|IFF|열상|열영상|야간투시|암호|서버|네트워크|컴퓨터|모니터|디스플레이|전원공급|배터리|축전지|전지|릴레이|저항기|콘덴서|커패시터|트랜지스터|다이오드|광컨버터|데이터|신호|제어기|컨트롤러","전자레인지|전자정보|전자도서|전자책|전자칠판|전자저울|전자담배|전자출입","all","","전자 키워드 계열",""
