hs_code,hs_level,category,name_ko,name_en,rationale,priority,axis,system_family,defense_use_ko,evidence,civil_mix,civil_mix_basis,civil_mix_note,evidence_basis,evidence_note
854231,6,반도체,프로세서·컨트롤러(집적회로),Processors and controllers (ICs),AI 가속기·FPGA·MCU 등 시스템반도체. 국내 메모리와 분리하기 위해 8542.32(메모리) 제외,1,both,반도체,레이더 신호처리·사격통제·항전 컴퓨터의 프로세서·FPGA·MCU. 무기체계 첨단 반도체 98.9% 해외 의존(A6),HSK-군용;HSK-항공/항행;전략물자-DU;B2-FSC,높음,hs10,"군용전용 HS10 수입 비중 0.0260% (2021~2025, 하한선)",rule,"HSK10 11개(현행 4) 중 군용전용 1·항공 1·무인기 0·레이더 0·항행 0 / 이중용도 통제 HSK 4개(현행 대비 100%, 3·5·6·7부 4) / B2 부품 27(후보 대응)"
854233,6,반도체,증폭기(집적회로),Amplifiers (ICs),RF 증폭·신호처리. 레이더·통신 핵심,1,both,반도체,레이더 송수신(T/R)·전술통신의 RF/전력 증폭 IC,HSK-군용;HSK-항공/항행;전략물자-DU;B2-FSC,높음,hs10,"군용전용 HS10 수입 비중 0.0014% (2021~2025, 하한선)",rule,"HSK10 11개(현행 4) 중 군용전용 1·항공 1·무인기 0·레이더 0·항행 0 / 이중용도 통제 HSK 4개(현행 대비 100%, 3·5·6·7부 4) / B2 부품 27(후보 대응)"
854239,6,반도체,기타 집적회로,Other electronic integrated circuits,ADC/DAC·믹스드시그널·특수목적 IC,1,both,반도체,ADC/DAC·믹스드시그널·특수목적 IC(전자전·신호처리),HSK-군용;HSK-항공/항행;전략물자-DU;B2-FSC,높음,hs10,"군용전용 HS10 수입 비중 0.0000% (2021~2025, 하한선)",rule,"HSK10 11개(현행 4) 중 군용전용 1·항공 1·무인기 0·레이더 0·항행 0 / 이중용도 통제 HSK 4개(현행 대비 100%, 3·5·6·7부 4) / B2 부품 27(후보 대응)"
854110,6,반도체,다이오드(감광성·LED 제외),"Diodes, other than photosensitive or LEDs",정류·보호 소자,3,import,반도체,전원·보호 회로용 정류·보호 다이오드,전략물자-DU;B2-FSC,,판단불가,HS10 용도 세분류·HSK 연계표 어느 것도 없음,rule,"규칙 미해당(2026-09-21 M5): 진입식 R1 OR R2로 확정, R4(B2 FSC 후보 대응) 제외 — R3(전략물자 이중용도) 단독 진입 불가. priority 3으로 강등, 화면 '분석 제외' / HSK10 2개(현행 2) 중 군용전용 0·항공 0·무인기 0·레이더 0·항행 0 / 이중용도 통제 HSK 1개(현행 대비 50%, 3·5·6·7부 1) / B2 부품 15(후보 대응) | R4 잠정 — FSC↔HS 공식 연계표 없음, 후보 대응 의존(2026-09-18)"
854121,6,반도체,트랜지스터(소산율 1W 미만),"Transistors, dissipation rate < 1 W",소신호 트랜지스터,3,import,반도체,소신호 트랜지스터(회로카드 범용 소자),전략물자-DU;B2-FSC,,판단불가,HS10 용도 세분류·HSK 연계표 어느 것도 없음,rule,"규칙 미해당(2026-09-21 M5): 진입식 R1 OR R2로 확정, R4(B2 FSC 후보 대응) 제외 — R3(전략물자 이중용도) 단독 진입 불가. priority 3으로 강등, 화면 '분석 제외' / HSK10 2개(현행 2) 중 군용전용 0·항공 0·무인기 0·레이더 0·항행 0 / 이중용도 통제 HSK 2개(현행 대비 100%, 3·5·6·7부 2) / B2 부품 15(후보 대응) | R4 잠정 — FSC↔HS 공식 연계표 없음, 후보 대응 의존(2026-09-18)"
854129,6,반도체,트랜지스터(소산율 1W 이상),"Transistors, dissipation rate >= 1 W",전력·RF 트랜지스터(GaN·LDMOS 포함),3,both,반도체,레이더·전자전 송신단의 전력·RF 트랜지스터(GaN·LDMOS). GaN 제조 100% 해외 파운드리(A6),전략물자-DU;B2-FSC,,판단불가,HS10 용도 세분류·HSK 연계표 어느 것도 없음,rule,"규칙 미해당(2026-09-21 M5): 진입식 R1 OR R2로 확정, R4(B2 FSC 후보 대응) 제외 — R3(전략물자 이중용도) 단독 진입 불가. priority 3으로 강등, 화면 '분석 제외' / HSK10 2개(현행 2) 중 군용전용 0·항공 0·무인기 0·레이더 0·항행 0 / 이중용도 통제 HSK 2개(현행 대비 100%, 3·5·6·7부 2) / B2 부품 15(후보 대응) | R4 잠정 — FSC↔HS 공식 연계표 없음, 후보 대응 의존(2026-09-18)"
854159,6,반도체,기타 반도체 디바이스,Other semiconductor devices,파워모듈·사이리스터 등,3,import,반도체,"전원반도체·파워모듈·사이리스터(전원 99.5% 해외 의존, A6)",A6;B2-FSC,,판단불가,HS10 용도 세분류·HSK 연계표 어느 것도 없음,팀판단,"규칙 미해당(2026-09-16): 관세청 HSK 용도 세분류 없음, 전략물자 이중용도+B2 대응 동시 충족 안 함 → 09-15 팀 판단 근거만 있음. priority 3으로 강등, 화면 '근거 미확인' / HSK10 2개(현행 2) 중 군용전용 0·항공 0·무인기 0·레이더 0·항행 0 / 이중용도 통제 HSK 0개(현행 대비 0%, 3·5·6·7부 0) / B2 부품 15(후보 대응)"
854142,6,반도체,광전지(모듈 미조립),Photovoltaic cells not assembled,전원·센서용(우선순위 낮음),3,import,반도체,위성·센서 전원용 태양전지(우선순위 낮음),팀판단,,판단불가,HS10 용도 세분류·HSK 연계표 어느 것도 없음,팀판단,"규칙 미해당(2026-09-16): 관세청 HSK 용도 세분류 없음, 전략물자 이중용도+B2 대응 동시 충족 안 함 → 09-15 팀 판단 근거만 있음. priority 3으로 강등, 화면 '근거 미확인' / HSK10 1개(현행 1) 중 군용전용 0·항공 0·무인기 0·레이더 0·항행 0 / 이중용도 통제 HSK 0개(현행 대비 0%, 3·5·6·7부 0)"
852691,6,전자부품,무선항행용 무선기기,Radio navigational aid apparatus,GPS/INS 항법 장비,1,both,항법,GPS/INS 항법 수신기·항법 보조장비,HSK-항공/항행;전략물자-DU;B2-FSC,중간,hs10,"항공기용 HS10 수입 비중 48.0958% (2021~2025, 민항 포함)",rule,"HSK10 11개(현행 11) 중 군용전용 0·항공 4·무인기 0·레이더 0·항행 0 / 이중용도 통제 HSK 11개(현행 대비 100%, 3·5·6·7부 11) / B2 부품 1(후보 대응)"
852610,6,전자부품,레이더 기기,Radar apparatus,레이더 완제품·모듈,1,both,레이더,탐지·추적·사격통제 레이더 완제품·모듈(대포병·조기경보·함정 레이더 등 A7 조달계획 대표품명에 반복 등장),HSK-항공/항행;전략물자-DU;B2-FSC,중간,hs10,"항공기용 HS10 수입 비중 22.8462% (2021~2025, 민항 포함)",rule,"HSK10 2개(현행 2) 중 군용전용 0·항공 1·무인기 0·레이더 0·항행 0 / 이중용도 통제 HSK 2개(현행 대비 100%, 3·5·6·7부 2) / B2 부품 4(후보 대응)"
852990,6,전자부품,통신·레이더 기기 부분품,Parts for transmission/radar apparatus,안테나·T/R 모듈 등 부분품,1,both,통신·레이더 부분품,안테나·T/R 모듈·송수신 부분품(레이더·통신 공통),HSK-항공/항행;전략물자-DU;B2-FSC,,판단불가,HS10 용도 세분류·HSK 연계표 어느 것도 없음,rule,"HSK10 28개(현행 10) 중 군용전용 0·항공 0·무인기 0·레이더 1·항행 1 / 이중용도 통제 HSK 4개(현행 대비 40%, 3·5·6·7부 4) / B2 부품 53(후보 대응)"
901380,6,전자부품,기타 광학기기,Other optical devices/appliances,전자광학·조준경류,3,both,전자광학,조준경·열상·야시 등 전자광학 기기,전략물자-DU;B2-FSC,,판단불가,HS10 용도 세분류·HSK 연계표 어느 것도 없음,rule,"규칙 미해당(2026-09-21 M5): 진입식 R1 OR R2로 확정, R4(B2 FSC 후보 대응) 제외 — R3(전략물자 이중용도) 단독 진입 불가. priority 3으로 강등, 화면 '분석 제외' / HSK10 12개(현행 3) 중 군용전용 0·항공 0·무인기 0·레이더 0·항행 0 / 이중용도 통제 HSK 1개(현행 대비 33%, 3·5·6·7부 1) / B2 부품 18(후보 대응) | R4 잠정 — FSC↔HS 공식 연계표 없음, 후보 대응 의존(2026-09-18)"
901420,6,전자부품,항공·우주용 항행기기,Instruments for aeronautical or space navigation,항공전자(에비오닉스),1,both,항공전자,항공기·유도무기 항행 계기(에비오닉스),HSK-항공/항행;전략물자-DU,낮음,hs10,"항공기용 HS10 수입 비중 100.0000% (2021~2025, 민항 포함)",rule,"HSK10 1개(현행 1) 중 군용전용 0·항공 1·무인기 0·레이더 0·항행 0 / 이중용도 통제 HSK 1개(현행 대비 100%, 3·5·6·7부 1)"
848620,6,소재장비,반도체 제조용 기계,Machines for manufacturing semiconductor devices,소버린 반도체 생산기반(공급망 상류),3,import,소재장비,반도체 제조장비 — 공급망 상류 배경 자료(분석 대상 아님),팀판단,,판단불가,HS10 용도 세분류·HSK 연계표 어느 것도 없음,팀판단,"규칙 미해당(2026-09-16): 관세청 HSK 용도 세분류 없음, 전략물자 이중용도+B2 대응 동시 충족 안 함 → 09-15 팀 판단 근거만 있음. priority 3으로 강등, 화면 '근거 미확인' / HSK10 41개(현행 25) 중 군용전용 0·항공 0·무인기 0·레이더 0·항행 0 / 이중용도 통제 HSK 18개(현행 대비 72%, 3·5·6·7부 11)"
847180,6,전자부품,기타 자동자료처리기계 단위기기,Other units of automatic data processing machines,AI 가속기 카드(GPU) 수입 추적,3,import,AI연산,AI 가속기(GPU) 카드 — 소버린 AI 배경 탭,팀판단,,판단불가,HS10 용도 세분류·HSK 연계표 어느 것도 없음,팀판단,"규칙 미해당(2026-09-16): 관세청 HSK 용도 세분류 없음, 전략물자 이중용도+B2 대응 동시 충족 안 함 → 09-15 팀 판단 근거만 있음. priority 3으로 강등, 화면 '근거 미확인' / HSK10 4개(현행 3) 중 군용전용 0·항공 0·무인기 0·레이더 0·항행 0 / 이중용도 통제 HSK 2개(현행 대비 67%, 3·5·6·7부 2)"
841191,6,소재장비,터보제트·터보프로펠러 부분품,Parts of turbojets or turbopropellers,항공기 엔진 핵심 수입부품,1,import,소재장비,항공기 엔진 부분품 — 배경 자료(분석 대상 아님),HSK-항공/항행,낮음,hs10,"항공기용 HS10 수입 비중 86.9086% (2021~2025, 민항 포함)",rule,"HSK10 2개(현행 2) 중 군용전용 0·항공 1·무인기 0·레이더 0·항행 0 / 이중용도 통제 HSK 2개(현행 대비 100%, 3·5·6·7부 0)"
880730,6,소재장비,항공기·헬리콥터 부분품,Parts of aeroplanes or helicopters,"항공기 부품(HS2022 신설, 구 8803.30)",2,both,소재장비,"항공기·헬리콥터 부분품 — 배경 자료(분석 대상 아님, HS2022 신설)",HSK-항공/항행;전략물자-DU,,판단불가,HS10 용도 세분류·HSK 연계표 어느 것도 없음,rule,"HSK10 3개(현행 3) 중 군용전용 0·항공 0·무인기 1·레이더 0·항행 0 / 이중용도 통제 HSK 3개(현행 대비 100%, 3·5·6·7부 1)"
852692,6,전자부품,무선원격조종기기,Radio remote control apparatus,무인기·유도무기 원격조종 계열. 수출 축,3,export,통신,무인기·유도무기 원격조종 송신기(수출 축),전략물자-DU;B2-FSC,,판단불가,HS10 용도 세분류·HSK 연계표 어느 것도 없음,rule,"규칙 미해당(2026-09-21 M5): 진입식 R1 OR R2로 확정, R4(B2 FSC 후보 대응) 제외 — R3(전략물자 이중용도) 단독 진입 불가. priority 3으로 강등, 화면 '분석 제외' / HSK10 1개(현행 1) 중 군용전용 0·항공 0·무인기 0·레이더 0·항행 0 / 이중용도 통제 HSK 1개(현행 대비 100%, 3·5·6·7부 1) / B2 부품 41(후보 대응) | R4 잠정 — FSC↔HS 공식 연계표 없음, 후보 대응 의존(2026-09-18)"
852560,6,전자부품,송수신 겸용 무선기기,Transmission apparatus incorporating reception apparatus,전술통신·데이터링크 송수신기. 수출 축,3,export,통신,전술통신·데이터링크 송수신기(수출 축),전략물자-DU;B2-FSC,,판단불가,HS10 용도 세분류·HSK 연계표 어느 것도 없음,rule,"규칙 미해당(2026-09-21 M5): 진입식 R1 OR R2로 확정, R4(B2 FSC 후보 대응) 제외 — R3(전략물자 이중용도) 단독 진입 불가. priority 3으로 강등, 화면 '분석 제외' / HSK10 3개(현행 3) 중 군용전용 0·항공 0·무인기 0·레이더 0·항행 0 / 이중용도 통제 HSK 3개(현행 대비 100%, 3·5·6·7부 3) / B2 부품 60(후보 대응) | R4 잠정 — FSC↔HS 공식 연계표 없음, 후보 대응 의존(2026-09-18)"
851762,6,전자부품,음성·영상·데이터 수신·변환·송신기기,"Machines for reception, conversion and transmission of data","통신 모뎀·라우터류(민수 비중 큼, 참고)",3,export,통신,"통신 모뎀·라우터(민수 비중 큼, 참고)",팀판단,,판단불가,HS10 용도 세분류·HSK 연계표 어느 것도 없음,팀판단,"규칙 미해당(2026-09-16): 관세청 HSK 용도 세분류 없음, 전략물자 이중용도+B2 대응 동시 충족 안 함 → 09-15 팀 판단 근거만 있음. priority 3으로 강등, 화면 '근거 미확인' / HSK10 44개(현행 9) 중 군용전용 0·항공 0·무인기 0·레이더 0·항행 0 / 이중용도 통제 HSK 9개(현행 대비 100%, 3·5·6·7부 8)"
901480,6,전자부품,기타 항행용 기기,Other navigational instruments,선박·지상 항법기기,2,both,항법,"선박·지상 항법기기(함정 음탐·항법 계열, A7 조달계획 대표품명)",HSK-항공/항행;전략물자-DU;B2-FSC,,판단불가,HS10 용도 세분류·HSK 연계표 어느 것도 없음,rule,"HSK10 3개(현행 2) 중 군용전용 0·항공 0·무인기 0·레이더 0·항행 1 / 이중용도 통제 HSK 2개(현행 대비 100%, 3·5·6·7부 2) / B2 부품 1(후보 대응)"
852910,6,전자부품,안테나·반사식 안테나와 그 부분품,Aerials and aerial reflectors of all kinds; parts,레이더·통신 안테나. 2026-09-16 HS6 선정 규칙 R2(HS10 세분류 '레이더기기용'·'항행용 무선기기용')+전략물자 5·6부로 추가,2,both,통신·레이더 부분품,레이더·전술통신·데이터링크의 안테나·반사기·급전 부분품(팀 판단),HSK-항공/항행;전략물자-DU,,판단불가,HS10 용도 세분류·HSK 연계표 어느 것도 없음,rule,"HSK10 4개(현행 4) 중 군용전용 0·항공 0·무인기 0·레이더 1·항행 1 / 이중용도 통제 HSK 4개(현행 대비 100%, 3·5·6·7부 4)"
901410,6,전자부품,방향탐지용 컴퍼스,Direction finding compasses,항법 계열. 2026-09-16 규칙 R2(HS10 항공기용 세분류 2개)+전략물자 7부로 추가,2,import,항법,항공기·함정·차량 항법용 자기·자이로 컴퍼스(팀 판단),HSK-항공/항행;전략물자-DU,높음,hs10,"항공기용 HS10 수입 비중 7.5292% (2021~2025, 민항 포함)",rule,"HSK10 5개(현행 5) 중 군용전용 0·항공 2·무인기 0·레이더 0·항행 0 / 이중용도 통제 HSK 5개(현행 대비 100%, 3·5·6·7부 5)"
901490,6,전자부품,항행용 기기 부분품·부속품,Parts and accessories of navigational instruments,항법 계열. 2026-09-16 규칙 R2(HS10 항공기용 세분류)+전략물자 6·7부로 추가,2,import,항법,항법 기기(9014 계열)의 부분품(팀 판단),HSK-항공/항행;전략물자-DU,중간,hs10,"항공기용 HS10 수입 비중 59.4479% (2021~2025, 민항 포함)",rule,"HSK10 2개(현행 2) 중 군용전용 0·항공 1·무인기 0·레이더 0·항행 0 / 이중용도 통제 HSK 2개(현행 대비 100%, 3·5·6·7부 2)"
