country,segment,share_pct,source,caveat
미국,IDM,47,방위사업청 「국방반도체 발전전략」(2024-11-19) 참고3,막대그래프에서 읽은 값. 원출처·기준연도 미표기
미국,파운드리,6,방위사업청 「국방반도체 발전전략」(2024-11-19) 참고3,막대그래프에서 읽은 값. 원출처·기준연도 미표기
미국,후공정,18,방위사업청 「국방반도체 발전전략」(2024-11-19) 참고3,막대그래프에서 읽은 값. 원출처·기준연도 미표기
미국,팹리스,68,방위사업청 「국방반도체 발전전략」(2024-11-19) 참고3,막대그래프에서 읽은 값. 원출처·기준연도 미표기
대만,IDM,5,방위사업청 「국방반도체 발전전략」(2024-11-19) 참고3,막대그래프에서 읽은 값. 원출처·기준연도 미표기
대만,파운드리,67,방위사업청 「국방반도체 발전전략」(2024-11-19) 참고3,막대그래프에서 읽은 값. 원출처·기준연도 미표기
대만,후공정,49,방위사업청 「국방반도체 발전전략」(2024-11-19) 참고3,막대그래프에서 읽은 값. 원출처·기준연도 미표기
대만,팹리스,20,방위사업청 「국방반도체 발전전략」(2024-11-19) 참고3,막대그래프에서 읽은 값. 원출처·기준연도 미표기
중국,IDM,0,방위사업청 「국방반도체 발전전략」(2024-11-19) 참고3,막대그래프에서 읽은 값. 원출처·기준연도 미표기
중국,파운드리,9,방위사업청 「국방반도체 발전전략」(2024-11-19) 참고3,막대그래프에서 읽은 값. 원출처·기준연도 미표기
중국,후공정,26,방위사업청 「국방반도체 발전전략」(2024-11-19) 참고3,막대그래프에서 읽은 값. 원출처·기준연도 미표기
중국,팹리스,10,방위사업청 「국방반도체 발전전략」(2024-11-19) 참고3,막대그래프에서 읽은 값. 원출처·기준연도 미표기
한국,IDM,33,방위사업청 「국방반도체 발전전략」(2024-11-19) 참고3,막대그래프에서 읽은 값. 원출처·기준연도 미표기
한국,파운드리,12,방위사업청 「국방반도체 발전전략」(2024-11-19) 참고3,막대그래프에서 읽은 값. 원출처·기준연도 미표기
한국,후공정,3,방위사업청 「국방반도체 발전전략」(2024-11-19) 참고3,막대그래프에서 읽은 값. 원출처·기준연도 미표기
한국,팹리스,1.2,방위사업청 「국방반도체 발전전략」(2024-11-19) 참고3,막대그래프에서 읽은 값. 원출처·기준연도 미표기
