date,category,event,detail,source_title,source_url,verify_level
2023-08-08,논의,국방혁신위원회 제2차 — 국방반도체 중요성 논의,위원장 대통령. 제3차는 2023-12-20,방위사업청 「국방반도체 발전전략」(2024-11-19) 추진 경과,,PDF 원문
2023-12,조사,54개 무기체계 적용 국방반도체 조사,"98.9% 해외 도입, 美 의존율 85% 이상. 분모 기준(종류·수량·금액) 미확인",방위사업청 「국방반도체 발전전략」(2024-11-19) 본문 17-1,,PDF 원문
2024-01-24,조직,방사청 국방반도체TF 신설,전략기획담당관실 산하 한시조직 11명,방위사업청 「국방반도체 발전전략」(2024-11-19) 추진 경과,,PDF 원문
2024-07-11,논의,국방혁신위 국방반도체 소위원회 1차,위원 17명(방산업체·정출연·학계·삼성전자 등). 2차 2024-08-26,방위사업청 「국방반도체 발전전략」(2024-11-19) 추진 경과,,PDF 원문
2024-09,조직,국방기술진흥연구소 국방반도체사업단 설립,1단계 13명 → 2026~2027 국방반도체센터 39명 계획,방위사업청 「국방반도체 발전전략」(2024-11-19) 본문 17-2·참고19,,PDF 원문
2024-11-19,전략,「국방반도체 발전전략」 발표,"4방향 12과제, 비전 2030",방위사업청 「국방반도체 발전전략」(2024-11-19),,PDF 원문
2025-05-19,과제,국방반도체 핵심기술 과제 최초 5건 선정,"4건 2025년 4분기 착수, 1건 2026년 착수",방사청 보도자료 · 데일리안,https://www.dapa.go.kr/dapa/doc/selectDoc.do?bbsSeq=326&docSeq=21081&menuSeq=3069,기사 원문
2025-10,조직,범정부 「국방반도체 발전 TF」 운영 시작,국방부·과기정통부·산업부 등,뉴스핌 2026-06-02,https://www.newspim.com/news/view/20260602000991,기사 원문
2026-06-02,법,「국방반도체 육성 및 지원에 관한 법률」 국무회의 통과,"사업자 지정, 우선구매, 신뢰성 시험·인증, 지체상금 감면. 2026년 4분기 시행 예정",뉴스핌 2026-06-02,https://www.newspim.com/news/view/20260602000991,기사 원문
2026-07-23,생산,민·관 합작 「상생팹」 구상 보도,파운드리 제조·양산 R&D 지원,중앙이코노미뉴스 2026-07-23,https://www.joongangenews.com/news/articleView.html?idxno=534906,기사 원문
2026-09-03,과제,「100대 국방반도체」 수요조사 설명회,산·학·연 200여 명. 연말까지 핵심과제 추진계획 수립,뉴스후플러스 2026-09-03,https://www.newswhoplus.com/news/articleView.html?idxno=68768,기사 원문
2027,예산,국방반도체 기술개발 565억 원 신규(정부안),열린재정 세부사업은 화면 ④ 예산 구역 참조,인공지능신문,https://www.aitimes.kr/news/articleView.html?idxno=41743,검색 요약
