fab_no,name_ko,abbr,parent_org,ministry,field,field_group,city,lat,lon,coord_basis,source
1,나노종합기술원,NNFC,,과기부,Si-CMOS / 테스트베드,실리콘,대전,36.372,127.36,approx,방위사업청 「국방반도체 발전전략」(2024-11-19) 참고10
2,한국나노기술원,KANC,,과기부,화합물반도체 / 시스템반도체,화합물,수원,37.291,127.048,approx,방위사업청 「국방반도체 발전전략」(2024-11-19) 참고10
3,반도체공동연구소,ISRC,서울대,과기부,반도체(대학 FAB),실리콘,서울,37.459,126.952,approx,방위사업청 「국방반도체 발전전략」(2024-11-19) 참고10
4,차세대반도체융합연구소,INST,DGIST,과기부,반도체(대학 FAB),실리콘,대구,35.705,128.458,approx,방위사업청 「국방반도체 발전전략」(2024-11-19) 참고10
5,반도체물성연구소,SPRC,전북대,과기부,반도체(대학 FAB),실리콘,전주,35.846,127.129,approx,방위사업청 「국방반도체 발전전략」(2024-11-19) 참고10
6,연구지원본부,UCRF,UNIST,과기부,반도체(대학 FAB),실리콘,울산,35.573,129.19,approx,방위사업청 「국방반도체 발전전략」(2024-11-19) 참고10
7,연구자원·데이터지원본부,KRRD,KIST,과기부,반도체(연구소),실리콘,서울,37.602,127.047,approx,방위사업청 「국방반도체 발전전략」(2024-11-19) 참고10
8,초지능창의연구소,,ETRI,과기부,반도체(출연연 FAB),실리콘,대전,36.381,127.366,approx,방위사업청 「국방반도체 발전전략」(2024-11-19) 참고10
9,철원플라즈마산업기술연구원,CPRI,,산업부,기능성 나노 소재 및 부품,소재·기타,철원,38.13,127.31,approx,방위사업청 「국방반도체 발전전략」(2024-11-19) 참고10
10,나노공정기술센터,NTPC,대구테크노파크,산업부,나노 융·복합 소재 및 정밀가공,소재·기타,대구,35.84,128.49,approx,방위사업청 「국방반도체 발전전략」(2024-11-19) 참고10
11,나노융합기술원,NINT,,산업부,전력반도체 / NEMS-MEMS 센서,전력·센서,포항,36.013,129.323,approx,방위사업청 「국방반도체 발전전략」(2024-11-19) 참고10
12,전북나노기술집적센터,KPEC,한국전자기술연구원,산업부,"디스플레이, 유연·인쇄전자",소재·기타,전주,35.86,127.1,approx,방위사업청 「국방반도체 발전전략」(2024-11-19) 참고10
13,광주나노기술집적센터,NCNE,한국생산기술연구원,산업부,"광반도체, 융합센서, MEMS",전력·센서,광주,35.23,126.85,approx,방위사업청 「국방반도체 발전전략」(2024-11-19) 참고10
14,나노융합센터,NCC,경남테크노파크,산업부,기능성 필름,소재·기타,밀양,35.52,128.74,approx,방위사업청 「국방반도체 발전전략」(2024-11-19) 참고10
