task_no,direction_no,direction_key,direction_name,sub_no,task_name,source
1,1,설계,국방반도체 연구개발 추진,1,반도체 중심 첨단 무기체계 획득 추진,방위사업청 「국방반도체 발전전략」(2024-11-19) 본문 17-3
2,1,설계,국방반도체 연구개발 추진,2,K-무기체계 범용 국방반도체 칩 개발,방위사업청 「국방반도체 발전전략」(2024-11-19) 본문 17-3
3,1,설계,국방반도체 연구개발 추진,3,국방반도체 분야별 R&D 추진,방위사업청 「국방반도체 발전전략」(2024-11-19) 본문 17-3
4,2,생산,국방반도체 국내 생산능력 확보,1,공정별 전문기업군 육성,방위사업청 「국방반도체 발전전략」(2024-11-19) 본문 17-3
5,2,생산,국방반도체 국내 생산능력 확보,2,공급망 관리 및 정보체계 구축,방위사업청 「국방반도체 발전전략」(2024-11-19) 본문 17-3
6,2,생산,국방반도체 국내 생산능력 확보,3,컨설팅 그룹 운영 및 정보교류,방위사업청 「국방반도체 발전전략」(2024-11-19) 본문 17-3
7,3,관리,설계자산 관리 및 인증,1,설계자산(IP) 관리체계 마련,방위사업청 「국방반도체 발전전략」(2024-11-19) 본문 17-3
8,3,관리,설계자산 관리 및 인증,2,국방반도체 우선구매제도 도입,방위사업청 「국방반도체 발전전략」(2024-11-19) 본문 17-3
9,3,관리,설계자산 관리 및 인증,3,무기체계 신뢰성 인증체계 확보,방위사업청 「국방반도체 발전전략」(2024-11-19) 본문 17-3
10,4,협력,국방반도체 거버넌스 구축,1,국방반도체 전담조직 신설·운영,방위사업청 「국방반도체 발전전략」(2024-11-19) 본문 17-3
11,4,협력,국방반도체 거버넌스 구축,2,민군 부처협력 및 국제협력,방위사업청 「국방반도체 발전전략」(2024-11-19) 본문 17-3
12,4,협력,국방반도체 거버넌스 구축,3,국방반도체 제도적 기반 마련,방위사업청 「국방반도체 발전전략」(2024-11-19) 본문 17-3
